"operatorId","sportId","numConcurrent","skillLevel"
6359,1,6,72
6359,4,3,54
6359,5,2,70
6359,12,2,55
6359,19,1,35
6359,20,2,84
6359,21,1,70
6359,31,2,84
6359,37,2,84
6359,10001,1,20
6494,1,4,94
6494,2,2,88
6494,4,3,95
6494,5,2,92
6494,10001,1,79
6495,1,4,71
6495,2,2,75
6495,5,2,59
6495,6,2,70
6495,20,2,64
6495,23,3,55
6495,29,1,29
6495,31,2,64
6495,34,3,55
6495,37,2,64
7619,1,6,100
7619,2,2,90
7619,3,2,90
7619,4,3,85
7619,5,2,90
7619,6,3,80
7619,12,2,90
7619,13,1,80
7619,16,1,80
7619,19,1,90
7619,20,2,85
7619,21,1,90
7619,22,2,100
7619,23,2,85
7619,29,2,80
7619,31,2,85
7619,32,1,90
7619,34,2,85
7619,37,2,85
7619,109,2,65
7619,110,1,70
7619,10001,1,100
7669,1,3,65
7669,2,1,65
7669,4,2,27
7669,6,2,75
7669,23,2,90
7669,29,1,73
7669,34,2,30
7687,1,4,95
7687,10001,1,95
7688,1,4,65
7688,4,3,80
7688,5,2,85
7688,6,3,90
7688,20,2,95
7688,23,2,65
7688,29,2,65
7688,31,2,95
7688,32,1,85
7688,34,2,65
7688,37,2,95
7693,1,4,98
7693,2,2,75
7693,3,2,80
7693,4,3,80
7693,5,2,90
7693,6,3,85
7693,12,2,95
7693,19,1,75
7693,20,2,95
7693,21,1,90
7693,22,2,85
7693,23,2,90
7693,29,2,90
7693,31,2,95
7693,34,2,90
7693,10001,1,90
7696,1,4,68
7696,4,2,27
7696,5,1,32
7696,6,2,55
7696,22,2,50
7696,23,2,55
7696,29,2,95
7696,31,2,95
7696,34,2,55
7696,10001,1,89
9713,1,4,98
9713,3,2,96
9713,4,3,95
9713,5,1,90
9713,16,1,90
9713,22,2,85
9713,29,2,95
9713,109,1,60
9713,10001,1,95
10881,1,3,60
10881,2,2,55
10881,3,2,30
10881,4,3,85
10881,5,2,55
10881,6,3,75
10881,20,2,90
10881,23,2,55
10881,31,2,90
10881,34,2,55
12910,1,4,96
12910,2,2,99
12910,3,2,90
12910,4,3,85
12910,5,2,90
12910,6,3,85
12910,16,1,90
12910,19,1,45
12910,20,2,90
12910,21,1,100
12910,22,1,90
12910,23,2,90
12910,29,2,95
12910,31,2,90
12910,34,2,90
12910,37,2,90
12910,10001,1,90
16145,1,3,47
16145,2,2,76
16145,3,1,78
16145,4,3,57
16145,5,1,53
16145,6,2,85
16145,23,2,28
16145,29,2,95
16145,34,2,78
16145,10001,1,97
18775,1,4,75
18775,2,2,74
18775,3,3,75
18775,4,2,27
18775,5,2,75
18775,23,2,78
18775,34,2,78
18775,109,2,85
18775,110,1,85
18775,111,1,85
18777,1,4,100
18777,2,2,97
18777,3,3,95
18777,4,3,98
18777,5,2,100
18777,6,3,97
18777,12,2,95
18777,19,1,65
18777,20,2,95
18777,21,1,90
18777,23,3,95
18777,29,2,100
18777,31,2,95
18777,34,3,95
18777,37,2,95
18777,10001,1,100
22617,1,4,97
22617,2,2,85
22617,3,2,85
22617,4,3,100
22617,5,2,90
22617,6,3,85
22617,16,1,70
22617,20,2,95
22617,23,3,85
22617,29,2,95
22617,31,2,95
22617,34,3,85
22617,37,2,95
22617,10001,1,90
22919,1,3,41
22919,2,2,99
22919,3,1,78
22919,4,3,85
22919,5,1,59
22919,6,2,65
22919,16,1,75
22919,23,2,28
22919,29,2,79
22919,34,2,78
22919,10001,1,100
25769,1,4,95
25769,2,2,53
25769,3,2,85
25769,4,3,95
25769,5,2,95
25769,6,3,85
25769,19,1,100
25769,20,2,95
25769,23,2,65
25769,31,2,95
25769,34,2,26
34278,5,1,59
34278,23,2,25
34278,34,2,25
42424,1,3,47
42424,2,1,65
42424,3,1,78
42424,4,2,80
42424,5,1,55
42424,6,1,34
42424,16,1,95
42424,23,1,58
42424,29,1,73
42424,34,1,74
42424,10001,1,55
42618,2,2,86
42618,3,3,80
42618,5,2,95
43456,1,6,100
43456,2,2,95
43456,4,3,95
43456,5,2,99
43456,10001,1,100
44064,1,4,75
44064,2,2,80
44064,3,2,70
44064,4,3,85
44064,5,2,90
44064,6,3,85
44064,16,1,75
44064,19,1,75
44064,20,2,95
44064,23,2,90
44064,29,2,75
44064,31,2,95
44064,32,1,85
44064,34,2,90
44064,37,2,95
45614,1,6,97
45614,2,2,88
45614,3,3,79
45614,4,3,79
45614,5,2,92
45614,6,3,95
45614,12,2,59
45614,19,1,50
45614,20,2,100
45614,23,3,97
45614,29,2,97
45614,31,2,100
45614,34,3,97
45614,37,2,100
45614,10001,1,89
46737,1,4,96
46737,2,2,80
46737,4,3,75
46737,5,2,70
46737,6,3,75
46737,23,2,55
46737,29,2,50
46737,34,2,55
46737,10001,1,90
47113,1,4,94
47113,2,2,88
47113,4,3,95
47113,5,2,92
47113,10001,1,79
54083,1,4,71
54083,5,2,65
56687,1,4,71
56687,2,2,95
56687,3,2,30
56687,4,2,26
56687,5,1,55
56687,6,2,65
56687,12,2,89
56687,16,1,70
56687,20,2,85
56687,23,2,85
56687,29,2,95
56687,31,2,82
56687,34,2,80
56687,109,1,60
56687,10001,1,79
56689,1,4,96
56689,2,2,89
56689,3,1,78
56689,5,1,53
56689,6,2,75
56689,12,2,89
56689,23,2,85
56689,29,2,79
56689,34,2,30
58568,1,4,71
58568,5,3,12
59198,1,4,100
59198,2,2,97
59198,3,3,95
59198,4,3,98
59198,5,2,100
59198,6,3,97
59198,12,2,95
59198,19,1,65
59198,20,2,95
59198,21,1,90
59198,23,3,95
59198,29,2,100
59198,31,2,95
59198,34,3,95
59198,37,2,95
59198,10001,1,100
60442,1,4,55
60442,2,2,100
60442,3,1,78
60442,4,2,27
60442,5,1,42
60442,6,1,34
60442,12,2,89
60442,16,1,75
60442,20,1,30
60442,23,2,90
60442,29,1,73
60442,31,1,48
60442,34,2,78
60442,109,1,60
60442,10001,1,99
61710,1,4,80
61710,2,2,53
61710,3,2,30
61710,4,3,45
61710,5,2,66
61710,6,2,95
61710,20,2,82
61710,22,2,90
61710,23,2,90
61710,31,2,85
61710,34,2,78
61710,109,2,94
61710,110,1,100
61710,111,1,75
63156,1,4,99
63156,2,2,85
63156,3,2,75
63156,4,3,75
63156,5,2,90
63156,6,3,87
63156,12,2,95
63156,16,1,30
63156,19,1,90
63156,21,1,75
63156,22,2,80
63156,29,2,75
63156,32,1,100
63156,110,1,90
63156,10001,1,95
66089,1,6,98
66089,2,2,99
66089,3,2,30
66089,4,3,100
66089,5,2,100
66089,6,3,100
66089,12,2,29
66089,19,1,50
66089,21,1,97
66089,22,2,100
66089,23,3,97
66089,29,2,98
66089,34,3,97
66089,10001,1,90
66093,1,6,98
66093,2,2,100
66093,3,3,100
66093,4,3,80
66093,5,2,97
66093,6,3,100
66093,20,2,90
66093,21,1,92
66093,23,3,85
66093,29,2,98
66093,31,2,90
66093,34,3,85
66093,37,2,90
66093,10001,1,93
66105,1,4,80
66105,2,2,85
66105,3,2,25
66105,4,2,26
66105,5,1,55
66105,6,2,65
66105,12,2,95
66105,20,2,100
66105,23,2,80
66105,29,2,65
66105,31,2,100
66105,34,2,55
66105,10001,1,100
66107,1,4,57
66107,2,2,100
66107,3,2,85
66107,4,2,27
66107,5,1,37
66107,6,2,75
66107,12,2,89
66107,16,1,90
66107,20,2,95
66107,23,2,69
66107,29,2,95
66107,31,2,100
66107,34,2,28
66107,109,1,60
66107,10001,1,75
66109,1,4,78
66109,2,2,85
66109,3,1,78
66109,5,1,54
66109,6,2,55
66109,12,2,89
66109,16,1,75
66109,23,2,90
66109,29,2,65
66109,31,1,48
66109,34,2,80
67127,1,6,90
67127,2,2,67
67127,3,2,30
67127,4,3,77
67127,5,2,77
67127,6,3,67
67127,12,2,75
67127,20,2,87
67127,23,2,30
67127,29,2,90
67127,31,2,87
67127,34,2,30
67127,37,2,87
67127,10001,1,75
67737,1,4,78
67737,2,2,80
67737,3,2,30
67737,4,2,27
67737,5,1,55
67737,6,2,20
67737,12,2,89
67737,20,2,64
67737,23,2,55
67737,29,2,65
67737,31,2,100
67737,34,2,26
67737,109,1,50
67737,10001,1,100
67741,1,4,75
67741,2,2,85
67741,3,2,30
67741,4,2,80
67741,5,1,32
67741,6,2,75
67741,12,2,93
67741,16,1,30
67741,20,2,82
67741,23,2,28
67741,29,2,79
67741,31,2,90
67741,34,2,30
67741,109,1,50
67741,10001,1,100
67799,1,4,59
67799,2,2,50
67799,3,2,79
67799,4,2,27
67799,5,1,55
67799,6,2,95
67799,12,2,75
67799,16,1,90
67799,20,2,82
67799,23,2,65
67799,29,2,97
67799,31,2,52
67799,34,2,26
67799,109,1,50
67799,10001,1,97
68275,1,4,70
68275,5,2,50
68275,6,3,50
68275,20,2,52
68275,23,2,28
68275,29,2,75
68275,31,2,52
68275,34,2,28
68275,37,2,52
68381,1,4,59
68381,2,2,50
68381,3,2,79
68381,4,2,27
68381,5,1,55
68381,6,2,95
68381,12,2,75
68381,16,1,90
68381,20,2,82
68381,23,2,65
68381,29,2,97
68381,31,2,52
68381,34,2,26
68381,109,1,50
68381,10001,1,97
69389,1,4,75
69389,2,2,55
69389,3,1,78
69389,4,2,80
69389,5,1,55
69389,16,1,70
69389,20,2,89
69389,22,2,85
69389,29,2,97
69389,31,2,100
69389,10001,1,100
69823,1,4,60
69823,3,2,30
69823,4,3,70
69823,5,2,55
69823,6,3,70
69823,12,2,70
69823,19,1,50
69823,20,2,95
69823,23,2,55
69823,29,2,65
69823,31,2,95
69823,34,2,55
69823,37,2,95
70979,1,4,75
70979,2,2,75
70979,3,2,70
70979,4,3,95
70979,5,2,85
70979,6,3,80
70979,12,2,75
70979,19,1,70
70979,20,2,95
70979,23,2,80
70979,31,2,95
70979,32,1,85
70979,34,2,80
70979,37,2,95
73735,1,3,74
73735,5,1,62
73735,110,1,90
73735,111,1,90
75287,1,4,71
75287,2,2,51
75287,3,2,85
75287,4,2,80
75287,5,1,54
75287,6,2,70
75287,12,2,93
75287,16,1,95
75287,20,2,82
75287,23,2,90
75287,29,2,97
75287,31,2,100
75287,34,2,78
75287,109,1,60
75287,10001,1,100
76251,1,4,71
76251,2,2,95
76251,3,2,30
76251,4,2,26
76251,5,1,55
76251,6,2,65
76251,12,2,89
76251,16,1,70
76251,20,2,85
76251,23,2,85
76251,29,2,95
76251,31,2,82
76251,34,2,80
76251,109,1,60
76251,10001,1,79
80236,2,2,99
80236,3,2,99
80236,4,3,95
80236,5,1,55
80236,12,2,95
80236,16,1,100
80236,22,2,90
84118,1,4,57
84118,3,1,78
84118,5,1,55
85640,1,4,80
85640,3,1,78
85640,5,1,37
85640,19,1,50
85640,21,1,95
85640,32,1,95
87868,1,4,60
87868,2,2,60
87868,3,2,55
87868,4,3,55
87868,5,2,55
87868,6,3,65
87868,20,2,85
87868,23,3,55
87868,29,2,50
87868,31,2,85
87868,34,3,55
87868,37,2,85
88898,1,4,72
88898,109,2,29
88902,1,6,95
88902,2,2,95
88902,4,3,85
88902,5,2,90
88902,6,3,85
88902,20,2,100
88902,21,1,75
88902,23,2,90
88902,31,2,100
88902,32,1,80
88902,34,2,90
88902,37,2,100
90040,1,4,60
90040,3,2,85
90040,4,2,26
90040,5,1,55
90040,6,2,20
90040,19,1,100
90040,21,1,75
90040,23,2,55
90040,34,2,26
90532,1,4,96
90532,2,2,86
90532,4,3,92
90532,5,2,90
90532,6,3,85
90532,12,2,88
90532,20,2,88
90532,22,2,79
90532,23,3,85
90532,29,2,75
90532,31,2,88
90532,32,1,92
90532,34,3,85
90532,37,2,88
90532,109,2,100
90532,110,1,100
90532,111,1,100
90532,10001,1,88
90984,1,4,86
90984,2,2,70
90984,3,2,30
90984,5,2,65
90984,6,3,75
90984,10001,1,90
91178,1,4,71
91178,2,2,51
91178,3,2,85
91178,4,2,80
91178,5,1,54
91178,6,2,70
91178,12,2,93
91178,16,1,95
91178,20,2,82
91178,23,2,90
91178,29,2,97
91178,31,2,100
91178,34,2,78
91178,109,1,60
91178,10001,1,100
92848,1,6,65
92848,4,3,52
92848,5,2,58
92848,6,3,59
92848,19,1,30
92848,20,2,85
92848,22,2,75
92848,23,2,26
92848,29,2,55
92848,31,2,85
92848,34,2,26
92848,37,2,85
92848,109,2,75
92848,110,1,75
92848,111,1,75
94724,1,4,69
95218,1,6,100
95218,2,2,85
95218,3,2,85
95218,4,3,85
95218,5,2,90
95218,6,3,80
95218,16,1,75
95218,19,1,100
95218,20,2,90
95218,21,1,95
95218,23,2,85
95218,31,2,90
95218,34,2,85
95218,37,2,90
95218,10001,1,100
95724,1,3,41
95724,2,2,84
95724,3,1,78
95724,4,2,26
95724,5,1,55
95724,19,1,100
95724,21,1,75
95724,22,2,85
95724,23,2,80
95724,32,1,85
95724,34,2,80
95724,10001,1,100
95740,1,3,47
96022,1,6,94
96022,2,2,100
96022,3,3,75
96022,4,3,92
96022,5,2,96
96022,6,3,90
96022,13,1,60
96022,19,1,97
96022,20,2,100
96022,23,3,88
96022,31,2,100
96022,34,3,88
96022,37,2,100
96022,109,2,85
96022,110,1,85
96022,111,1,85
96022,10001,1,79
97042,1,4,95
97042,2,2,91
97042,3,2,100
97042,5,2,100
97042,6,3,95
97042,12,2,95
97042,16,1,100
97042,20,2,95
97042,23,3,100
97042,29,2,90
97042,31,2,95
97042,34,3,100
97042,37,2,95
97042,10001,1,95
97044,1,4,96
97044,2,2,40
97044,3,2,30
97044,4,2,26
97044,5,1,53
97044,6,2,20
97044,12,2,88
97044,16,1,75
97044,20,2,71
97044,23,2,55
97044,29,2,100
97044,31,2,59
97044,34,2,28
97044,109,1,50
97044,10001,1,50
98892,1,6,100
98892,2,2,75
98892,4,3,50
98892,5,2,96
98892,6,3,63
98892,12,2,55
98892,19,1,50
98892,21,1,90
98892,23,3,85
98892,29,2,65
98892,34,3,55
98892,109,2,85
98892,110,1,94
98892,111,1,20
98892,10001,1,100
100006,3,2,70
100006,4,3,75
100006,5,2,75
100006,16,1,50
100006,19,1,70
100006,21,1,75
100362,1,4,63
100362,4,3,49
100362,5,2,91
100362,21,1,75
102146,1,4,99
102146,2,2,90
102146,3,2,79
102146,4,3,89
102146,5,2,95
102146,6,3,88
102146,19,1,100
102146,21,1,82
102146,22,2,90
102146,23,3,92
102146,29,2,79
102146,34,3,92
102146,109,2,79
102146,110,1,79
102146,111,1,79
102146,10001,1,97
105520,2,2,95
105520,3,3,92
105520,5,2,96
105520,13,1,92
105520,23,2,94
105520,34,3,94
105522,1,6,100
105522,2,2,75
105522,4,3,50
105522,5,2,96
105522,6,3,63
105522,12,2,55
105522,19,1,50
105522,21,1,90
105522,23,3,85
105522,29,2,65
105522,34,3,55
105522,109,2,85
105522,110,1,94
105522,111,1,20
105522,10001,1,100
106954,1,4,70
106954,2,2,85
106954,3,3,80
106954,4,3,75
106954,5,2,65
106954,16,1,75
106954,22,2,75
106954,23,2,55
106954,34,2,55
106954,109,2,85
106954,110,1,75
106954,111,1,75
106966,1,4,75
106966,3,2,85
106966,4,3,75
106966,5,2,90
106966,21,1,70
107298,1,4,75
107298,3,2,18
107298,4,3,80
107298,5,2,89
107298,20,2,95
107298,21,1,75
107298,31,2,80
107856,1,3,74
107856,5,1,62
107856,110,1,90
107856,111,1,90
108104,1,4,44
108104,2,2,60
108104,3,3,51
108104,5,2,80
109914,1,4,60
109914,3,2,85
109914,4,3,50
109914,5,2,55
109914,12,2,70
109914,16,1,30
109914,19,1,90
109914,20,2,80
109914,22,2,65
109914,29,2,50
109914,31,2,80
109914,37,2,80
110014,1,6,95
110014,2,2,40
110014,3,2,86
110014,4,2,27
110014,5,2,100
110014,6,3,100
110014,12,2,89
110014,16,1,80
110014,20,2,95
110014,23,2,95
110014,29,2,90
110014,31,2,95
110014,34,2,30
110014,37,2,90
110014,109,2,80
110014,110,1,85
110014,111,1,20
110014,10001,1,100
110016,3,3,55
110016,5,2,80
110016,13,1,80
110016,20,2,89
110016,23,3,85
110016,31,2,89
110016,34,3,85
110016,37,2,89
111051,1,6,75
111051,2,2,95
111051,3,2,90
111051,4,3,85
111051,5,2,90
111051,13,1,80
111051,16,1,90
111051,21,1,80
111051,109,2,85
111051,110,1,95
111051,111,1,100
111663,1,6,100
111663,2,2,95
111663,3,3,79
111663,4,3,97
111663,5,2,99
111663,6,3,95
111663,20,2,93
111663,23,3,83
111663,29,2,100
111663,31,2,93
111663,34,3,83
111663,37,2,93
111663,109,2,100
111663,110,1,100
111663,111,1,100
111663,10001,1,100
112219,5,1,26
113294,1,4,88
113294,2,2,67
113294,3,1,78
113294,4,3,50
113294,5,1,55
113294,6,2,55
113294,23,2,85
113294,34,2,30
113294,10001,1,79
113332,1,4,55
113332,2,2,95
113332,3,2,90
113332,4,2,80
113332,5,2,90
113332,6,2,65
113332,12,2,88
113332,16,1,70
113332,20,2,95
113332,23,3,83
113332,29,2,65
113332,31,2,90
113332,34,3,88
113332,109,2,65
113332,110,1,100
113332,111,1,75
113332,10001,1,100
113352,1,4,98
113352,2,2,85
113352,3,2,18
113352,4,2,80
113352,5,1,37
113352,6,2,65
113352,12,2,89
113352,16,1,76
113352,20,2,85
113352,23,2,28
113352,29,2,95
113352,31,2,95
113352,34,2,30
113352,10001,1,90
114312,1,4,65
114312,2,2,55
114312,3,2,30
114312,4,3,50
114312,5,2,70
114312,6,3,70
114312,19,1,70
114312,23,2,30
114312,29,2,50
114312,34,2,30
115450,1,4,71
115450,2,2,75
115450,5,2,59
115450,6,2,70
115450,20,2,64
115450,23,3,55
115450,29,1,29
115450,31,2,64
115450,34,3,55
115450,37,2,64
116330,1,3,70
116330,4,2,27
116330,6,2,95
116330,23,2,28
116330,34,2,90
116330,10001,1,100
116792,1,4,69
116792,2,2,90
116792,3,2,30
116792,4,2,27
116792,5,2,97
116792,6,3,63
116792,12,2,88
116792,16,1,80
116792,20,2,95
116792,23,2,65
116792,29,2,97
116792,31,2,85
116792,34,2,26
116792,10001,1,55
116796,1,4,69
116796,2,2,59
116796,3,2,25
116796,5,1,54
116796,6,2,55
116796,23,2,53
116796,29,2,10
116796,34,2,53
116796,109,2,70
117585,1,4,80
117585,2,2,90
117585,3,2,83
117585,5,2,94
117585,13,1,100
117585,23,2,89
117585,34,2,89
117791,1,4,67
117791,2,2,90
117791,3,2,83
117791,4,3,78
117791,5,2,96
117791,6,3,80
117791,12,2,89
117791,13,1,80
117791,20,2,71
117791,23,2,55
117791,31,2,100
117791,34,2,28
117791,37,2,100
117791,10001,1,95
117915,1,4,75
117915,2,2,85
117915,3,2,30
117915,4,2,80
117915,5,1,32
117915,6,2,75
117915,12,2,93
117915,16,1,30
117915,20,2,82
117915,23,2,28
117915,29,2,79
117915,31,2,90
117915,34,2,30
117915,109,1,50
117915,10001,1,100
118345,5,1,26
118461,2,2,91
118461,5,2,89
118461,13,1,96
118461,20,2,94
118461,23,3,92
118461,31,2,94
118461,34,3,92
118461,37,2,94
118467,2,2,100
118467,3,3,100
118467,5,2,100
118467,20,2,100
118467,23,3,100
118467,31,2,100
118467,34,3,100
118467,37,2,100
119175,1,4,55
119175,2,2,86
119175,3,2,25
119175,4,3,80
119175,5,2,99
119175,6,3,100
119175,12,2,75
119175,16,1,75
119175,19,1,97
119175,20,2,87
119175,23,2,95
119175,31,2,100
119175,34,2,95
119175,37,2,100
119175,110,1,50
119175,111,1,100
119175,10001,1,79
119690,1,6,95
119690,2,2,87
119690,3,2,27
119690,4,3,59
119690,5,2,95
119690,6,3,82
119690,12,2,93
119690,19,1,47
119690,21,1,75
119690,22,2,65
119690,23,3,75
119690,29,2,77
119690,34,3,75
119690,10001,1,87
120062,1,4,55
120062,3,2,30
120062,4,3,55
120062,5,2,65
120062,6,2,75
120062,23,2,30
120062,34,2,30
121120,1,6,90
121120,2,2,89
121120,3,2,30
121120,4,3,68
121120,5,2,89
121120,6,3,77
121120,19,1,55
121120,20,2,86
121120,21,1,80
121120,23,3,58
121120,31,2,86
121120,32,1,85
121120,34,3,58
121120,37,2,86
121120,10001,1,76
121796,1,4,78
121796,2,2,100
121796,3,2,79
121796,5,2,90
121796,12,2,75
121796,16,1,81
121796,23,2,55
121796,29,2,57
121796,34,2,85
121796,10001,1,76
121804,1,4,96
121804,2,2,53
121804,3,2,25
121804,4,2,80
121804,5,2,46
121804,6,3,50
121804,16,1,75
121804,23,2,55
121804,29,2,90
121804,34,2,55
121804,10001,1,88
122674,1,4,99
122674,2,2,85
122674,3,2,85
122674,4,3,80
122674,5,2,90
122674,6,3,87
122674,13,1,80
122674,16,1,70
122674,20,2,90
122674,23,3,85
122674,31,2,90
122674,34,3,85
122674,109,2,70
122674,10001,1,95
124046,1,6,93
124046,2,2,85
124046,3,3,72
124046,5,2,88
124046,6,3,89
124046,16,1,80
124046,20,2,85
124046,23,3,79
124046,31,2,85
124046,34,3,79
124046,37,2,85
124046,109,2,90
124046,110,1,90
124046,111,1,90
124046,10001,1,79
124706,1,4,78
124706,3,2,20
124706,4,3,57
124706,5,2,82
124706,6,3,63
124706,12,2,59
124706,23,3,48
124706,29,2,77
124706,34,3,48
124706,10001,1,53
126422,1,3,60
126422,2,2,40
126422,3,2,30
126422,4,3,90
126422,5,2,50
126422,13,1,80
126422,16,1,40
126422,20,2,80
126422,31,2,80
126424,1,4,70
126424,2,2,75
126424,3,2,97
126424,4,3,80
126424,5,2,80
126424,16,1,75
126424,20,2,85
126424,31,2,85
126424,109,2,80
126424,110,1,85
126424,111,1,85
126886,1,4,71
126886,2,2,75
126886,5,2,59
126886,6,2,70
126886,20,2,64
126886,23,3,55
126886,29,1,29
126886,31,2,64
126886,34,3,55
126886,37,2,64
126888,1,6,65
126888,2,2,40
126888,4,2,27
126888,5,2,36
126888,6,3,85
126888,12,2,90
126888,16,1,90
126888,20,2,90
126888,23,2,65
126888,29,2,90
126888,31,2,90
126888,34,2,26
126888,37,2,100
126888,109,2,100
126888,110,1,85
126888,111,1,75
126888,10001,1,95
127776,1,6,90
127776,2,2,75
127776,3,2,85
127776,4,3,75
127776,5,2,90
127776,6,3,80
127776,13,1,80
127776,16,1,80
127776,19,1,95
127776,20,2,90
127776,22,2,85
127776,23,2,95
127776,29,2,85
127776,31,2,90
127776,34,2,95
127776,37,2,90
127776,110,1,75
128704,1,6,86
128704,2,2,78
128704,3,3,22
128704,4,3,50
128704,5,2,84
128704,6,3,59
128704,12,2,63
128704,22,2,65
128704,23,3,52
128704,29,2,58
128704,32,1,95
128704,34,3,52
128704,10001,1,67
130756,1,4,88
130756,2,2,90
130756,3,2,25
130756,4,2,80
130756,5,2,90
130756,6,3,100
130756,12,2,95
130756,16,1,90
130756,20,2,95
130756,23,3,83
130756,31,2,89
130756,34,3,79
130756,37,2,100
130756,10001,1,76
130758,1,4,75
130758,2,2,70
130758,4,2,26
130758,5,2,55
130758,6,3,58
130758,12,2,55
130758,16,1,45
130758,23,3,59
130758,29,1,35
130758,34,3,59
131688,1,4,94
131688,5,1,42
131690,5,1,26
133014,1,6,95
133014,2,2,98
133014,3,3,85
133014,4,3,85
133014,5,2,90
133014,6,2,95
133014,12,2,90
133014,16,1,85
133014,23,2,95
133014,34,2,95
134238,1,4,75
134238,2,2,74
134238,3,3,75
134238,4,2,27
134238,5,2,75
134238,23,2,78
134238,34,2,78
134238,109,2,85
134238,110,1,85
134238,111,1,85
134240,1,4,92
134240,2,2,84
134240,3,2,86
134240,5,2,89
134240,6,3,88
134240,12,2,94
134240,16,1,95
134240,20,2,95
134240,23,2,90
134240,31,2,95
134240,34,3,90
134240,37,2,95
134240,10001,1,89
136137,1,4,70
136137,3,2,18
136137,4,3,50
136137,5,2,44
136137,6,3,47
136137,12,2,32
136137,109,2,65
136137,110,1,80
136137,111,1,80
136137,10001,1,30
136535,1,6,98
136535,2,2,89
136535,3,2,30
136535,5,2,43
136535,6,3,95
136535,16,1,70
136535,23,3,83
136535,34,3,100
136535,109,2,100
136535,10001,1,100
136539,1,4,80
136539,2,2,86
136539,3,2,97
136539,5,2,91
136539,6,3,93
136539,16,1,81
136539,23,3,94
136539,34,3,94
136541,1,4,88
136541,2,2,91
136541,3,2,86
136541,5,2,64
136541,6,3,93
136541,16,1,80
136541,23,3,58
136541,29,2,95
136541,34,3,85
136541,10001,1,100
136543,1,4,100
136543,2,2,100
136543,3,2,98
136543,5,2,97
136543,6,3,96
136543,12,2,97
136543,16,1,100
136543,23,3,96
136543,34,3,96
136543,109,2,95
136543,110,2,95
136543,111,1,95
136543,10001,1,100
137227,1,4,60
137227,3,2,30
137227,4,3,50
137227,5,2,65
137227,6,2,65
137227,109,2,90
137229,1,6,90
137229,2,2,80
137229,3,2,30
137229,4,3,80
137229,5,2,70
137229,6,2,75
137229,16,1,70
137229,23,2,85
137229,34,2,85
137365,1,4,80
137365,2,2,77
137365,4,3,65
137365,5,2,88
137365,12,2,50
137365,21,1,75
137365,109,2,77
137365,110,1,77
137365,111,1,77
137365,10001,1,57
138041,1,4,76
138041,5,1,59
138041,12,2,25
138041,23,3,57
138041,29,2,70
138041,34,3,57
138045,1,6,100
138045,2,2,58
138045,3,2,79
138045,5,2,58
138045,6,3,67
138045,16,1,95
138045,23,3,59
138045,29,2,97
138045,34,3,98
138045,109,2,88
138045,110,1,75
138045,111,1,75
138045,10001,1,100
139143,5,1,35
139143,20,1,25
139143,31,3,25
139143,37,3,25
141457,1,4,60
141457,2,2,77
141457,4,3,100
141457,5,2,96
141457,12,2,95
141457,13,1,80
141457,21,1,80
141457,29,2,75
141457,10001,1,100
141625,1,4,60
141625,2,2,77
141625,4,3,100
141625,5,2,96
141625,12,2,95
141625,13,1,80
141625,21,1,80
141625,29,2,75
141625,10001,1,100
141627,2,2,76
141627,5,2,83
141627,13,1,88
141627,20,2,87
141627,31,2,87
141627,37,2,87
142819,1,4,77
142819,2,2,97
142819,3,1,72
142819,4,3,89
142819,5,2,96
142819,16,1,76
142819,109,2,100
142819,110,1,100
142819,111,1,100
145143,1,4,88
145143,2,2,89
145143,3,3,77
145143,4,3,78
145143,5,2,88
145143,6,3,59
145143,23,3,61
145143,34,3,61
145143,109,2,20
145143,110,1,50
145143,10001,1,69
146181,1,4,78
146181,2,2,70
146181,3,2,30
146181,5,2,82
146181,12,2,59
146181,16,1,70
146181,23,3,96
146181,29,2,95
146181,34,3,79
146181,10001,1,100
146183,1,4,70
146183,2,2,80
146183,5,1,55
146183,23,2,85
146183,34,2,26
147879,1,6,95
147879,2,2,95
147879,4,3,85
147879,5,2,90
147879,6,3,85
147879,20,2,100
147879,21,1,75
147879,23,2,90
147879,31,2,100
147879,32,1,80
147879,34,2,90
147879,37,2,100
148195,1,6,98
148195,2,2,95
148195,5,1,90
148195,6,3,98
148195,12,2,90
148195,16,1,26
148195,23,3,98
148195,29,2,100
148195,34,3,98
148195,10001,1,99
149209,2,2,66
149209,3,3,83
149209,5,2,93
149211,1,6,65
149211,2,2,40
149211,4,2,27
149211,5,2,36
149211,6,3,85
149211,12,2,90
149211,16,1,90
149211,20,2,90
149211,23,2,65
149211,29,2,90
149211,31,2,90
149211,34,2,26
149211,37,2,100
149211,109,2,100
149211,110,1,85
149211,111,1,75
149211,10001,1,95
149409,1,4,75
149409,2,2,55
149409,23,2,28
149409,29,2,50
149409,34,2,78
149415,1,4,80
149415,2,2,24
149415,12,2,86
149415,23,2,99
149415,29,2,85
149415,34,2,99
149415,109,2,88
150748,1,6,73
150748,2,2,87
150748,3,2,20
150748,4,3,54
150748,5,2,70
150748,12,2,47
150748,29,2,57
150748,32,1,83
150748,109,1,50
150748,110,2,29
150748,111,1,29
151192,2,2,88
151192,5,2,92
151192,20,2,89
151192,23,3,83
151192,31,2,89
151192,34,3,83
151192,37,2,89
151194,1,4,72
151194,2,2,67
151194,5,2,88
151194,20,2,94
151194,23,3,83
151194,31,2,94
151194,34,3,83
151194,37,2,94
151198,5,2,36
151198,13,1,80
151198,20,2,88
151198,23,3,85
151198,31,2,90
151198,34,3,75
151198,37,2,95
151202,1,4,75
151202,2,2,74
151202,3,3,75
151202,4,2,27
151202,5,2,75
151202,23,2,78
151202,34,2,78
151202,109,2,85
151202,110,1,85
151202,111,1,85
151204,2,2,95
151204,3,3,92
151204,5,2,96
151204,13,1,92
151204,23,2,94
151204,34,3,94
153656,1,6,75
153656,2,2,89
153656,3,2,25
153656,4,3,77
153656,5,2,89
153656,20,2,82
153656,29,2,59
153656,31,2,82
153656,32,1,80
153656,37,2,82
153656,109,2,18
153656,110,1,50
153656,111,1,20
154128,1,4,72
154128,5,1,88
154128,6,3,75
154130,2,2,45
154130,3,2,44
154130,5,2,43
154132,1,4,79
154132,5,1,30
154134,1,4,55
154134,5,3,3
154134,6,2,20
154134,12,2,30
154134,23,2,25
154134,34,2,25
155154,2,2,61
155154,3,3,59
155154,5,2,81
155154,23,3,85
155154,34,3,85
155156,3,3,55
155156,5,2,80
155156,13,1,80
155156,20,2,89
155156,23,3,85
155156,31,2,89
155156,34,3,85
155156,37,2,89
155160,1,4,94
155160,2,2,88
155160,4,3,95
155160,5,2,92
155160,10001,1,79
155162,2,2,75
155162,3,3,62
155162,5,2,70
155162,23,3,80
155162,34,3,80
155256,1,6,72
155256,4,3,54
155256,5,2,70
155256,12,2,55
155256,19,1,35
155256,20,2,84
155256,21,1,70
155256,31,2,84
155256,37,2,84
155256,10001,1,20
155470,1,4,30
155470,6,2,20
155470,23,2,15
155470,34,2,15
156110,1,4,71
156110,2,2,50
156110,5,2,50
156112,1,3,85
156112,2,2,86
156112,5,2,81
156112,12,2,85
156112,16,1,45
156112,10001,1,55
156116,1,4,67
156116,2,2,59
156116,5,2,55
156116,6,1,30
156116,20,2,59
156116,31,2,59
156116,37,2,59
156118,1,3,81
156118,2,2,95
156118,3,2,83
156118,5,2,95
156118,12,2,89
156118,16,1,70
157377,1,4,44
157377,2,2,60
157377,3,3,51
157377,5,2,80
157379,2,2,80
157379,3,3,80
157379,5,2,50
157381,2,2,86
157381,3,3,80
157381,5,2,95
157383,1,4,60
157383,2,2,93
157383,3,3,80
157383,5,2,82
157383,13,1,84
157383,23,2,81
157383,34,3,81
157449,1,4,54
157449,4,3,39
157449,5,2,46
157449,6,2,51
157449,13,1,29
157449,21,1,50
157449,32,1,90
160417,1,4,67
160417,4,3,47
160417,5,2,74
160417,6,2,55
160417,13,2,15
160417,22,2,50
160417,23,2,55
160417,34,2,55
160929,1,6,93
160929,2,2,85
160929,5,2,89
160929,16,1,75
160929,29,2,97
160929,10001,1,57
160931,1,6,100
160931,2,2,59
160931,5,2,99
160931,16,1,70
160931,10001,1,95
163217,1,4,68
163217,4,3,45
163217,5,1,24
163217,109,2,80
163217,110,1,80
163217,111,1,80
163221,1,4,96
163221,6,2,75
163221,12,2,89
163501,1,6,73
163501,2,2,85
163501,3,2,25
163501,4,3,78
163501,5,2,76
163501,23,2,28
163501,34,2,28
164045,1,3,80
164045,2,2,88
164045,3,2,85
164045,4,3,95
164045,5,2,98
164045,23,3,95
164045,34,3,95
165385,1,4,75
165385,4,2,80
165385,12,2,25
165385,109,2,94
165385,110,1,94
165385,111,1,94
166061,1,4,96
166061,2,2,86
166061,4,3,92
166061,5,2,90
166061,6,3,85
166061,12,2,88
166061,20,2,88
166061,22,2,79
166061,23,3,85
166061,29,2,75
166061,31,2,88
166061,32,1,92
166061,34,3,85
166061,37,2,88
166061,109,2,100
166061,110,1,100
166061,111,1,100
166061,10001,1,88
166407,1,4,100
166407,2,2,90
166407,3,2,79
166407,4,3,95
166407,5,2,98
166407,10001,1,100
166409,5,1,26
166587,1,4,30
166587,2,2,40
166587,5,2,64
166587,23,2,60
166587,34,3,60
166589,1,4,44
166589,2,2,60
166589,5,2,61
166589,23,3,80
166589,34,3,80
166591,1,4,60
166591,2,2,77
166591,3,3,51
166591,5,2,80
166591,20,2,81
166591,31,2,81
166591,37,2,81
166593,1,4,71
166593,5,2,65
166733,1,4,59
166733,2,2,44
166733,4,3,58
166733,5,2,69
166733,12,2,20
167402,1,4,76
167402,2,2,73
167402,3,2,30
167402,4,3,75
167402,5,2,86
167402,6,2,65
167402,12,2,90
167402,19,1,70
167402,22,2,85
167402,10001,1,50
168400,2,2,76
168400,4,3,85
168400,5,2,89
168400,12,2,80
168400,23,2,75
168400,34,3,75
168402,1,3,65
168402,5,1,53
168402,20,2,50
168402,23,2,26
168402,31,2,50
168402,34,2,26
168402,37,2,50
168752,1,4,75
168752,2,2,51
168752,4,3,68
168752,5,2,100
168752,22,2,50
170038,1,4,60
170038,2,2,50
170038,4,3,38
170038,5,2,67
170038,6,2,20
170200,5,1,59
170200,6,1,28
170200,20,2,64
170200,23,2,58
170200,31,2,64
170200,34,3,58
170200,37,2,64
170202,1,6,95
170202,2,2,40
170202,3,2,86
170202,4,2,27
170202,5,2,100
170202,6,3,100
170202,12,2,89
170202,16,1,80
170202,20,2,95
170202,23,2,95
170202,29,2,90
170202,31,2,95
170202,34,2,30
170202,37,2,90
170202,109,2,80
170202,110,1,85
170202,111,1,20
170202,10001,1,100
170748,1,3,74
170748,2,1,65
170964,1,4,63
170964,2,2,53
170964,4,3,45
170964,5,1,42
170964,109,1,50
170964,110,1,10
170964,111,1,10
171120,1,4,85
171120,2,2,76
171120,3,2,70
171120,4,3,90
171120,109,2,96
171120,110,1,96
171120,111,1,96
171124,1,4,45
171124,109,2,20
172692,1,4,68
172692,6,2,65
172692,23,2,28
172692,34,2,28
172694,1,3,65
172694,23,2,28
172694,34,2,95
173578,2,2,78
173578,5,2,66
173578,13,1,59
173984,1,3,47
173988,2,2,51
173988,5,2,64
173988,20,2,71
173988,31,2,71
173988,37,2,71
174244,1,4,88
174244,2,2,85
174244,4,3,75
174246,1,4,78
174246,2,2,70
174246,6,3,82
174414,1,4,60
174414,2,2,58
174414,4,3,49
174414,5,1,37
174840,1,4,63
174840,4,3,49
174840,5,2,91
174840,21,1,75
176162,1,4,94
176162,2,2,88
176162,4,3,95
176162,5,2,92
176162,10001,1,79
176164,1,4,95
176164,4,3,90
176164,6,2,55
177402,1,4,65
177402,5,3,14
177402,6,2,24
177402,23,2,24
177402,34,2,24
177404,1,4,30
177404,6,2,20
177404,23,2,15
177404,34,2,15
177924,2,2,77
177924,4,2,26
177924,5,1,53
177924,6,2,95
177924,19,1,100
177924,20,2,94
177924,21,1,80
177924,23,2,90
177924,31,2,85
177924,34,2,85
179192,1,4,70
179192,4,3,50
179192,109,2,25
180930,2,2,75
180930,3,3,44
180930,5,2,80
180930,20,2,77
180930,23,2,78
180930,31,2,77
180930,34,2,78
180930,37,2,77
180932,3,2,37
180932,5,2,60
180932,23,2,69
180932,34,2,69
180934,2,2,58
180934,5,2,60
180934,20,2,71
180934,31,2,71
180934,37,2,71
180940,2,2,49
180940,5,2,61
180940,13,2,45
181008,1,4,75
181008,12,2,59
181008,23,3,79
181008,29,2,70
181008,34,3,79
181008,109,2,86
181010,1,6,100
181010,2,2,95
181010,4,3,95
181010,5,2,99
181010,10001,1,100
183376,1,4,75
183378,1,4,78
183378,2,2,70
183378,6,3,82
184152,1,4,57
184152,2,2,30
184152,5,2,57
184992,1,4,82
184992,2,2,73
184992,5,2,59
184992,6,2,85
185434,1,4,57
185434,4,3,35
185434,5,1,37
185436,1,3,47
186600,2,2,55
186600,5,1,88
186600,20,2,93
186600,31,2,85
186600,37,2,85
186604,5,2,92
186604,20,2,82
186604,31,2,71
186604,37,2,85
186664,2,2,45
186664,3,2,44
186664,5,2,43
186666,2,2,51
186666,3,2,34
186666,5,2,43
187126,5,1,55
187126,20,2,100
187126,31,2,95
187126,37,2,100
187128,2,2,80
187128,3,3,60
187128,5,1,88
187128,20,2,92
187128,31,2,92
187128,37,2,92
187410,1,4,76
187412,1,2,49
187531,1,4,59
187531,2,2,55
187531,4,3,80
187531,5,1,42
187531,6,2,85
187531,23,2,30
187531,29,2,50
187531,34,2,55
188627,5,1,50
188627,20,2,80
188627,23,2,29
188627,31,2,80
188627,34,2,29
188627,37,2,80
189287,1,3,70
189385,2,2,40
189385,3,2,10
189385,5,2,36
189387,2,2,42
189387,5,1,38
189387,13,1,31
190361,1,3,70
190361,5,1,32
190361,23,2,15
190361,34,2,15
191745,1,3,41
191745,2,2,18
191745,5,1,32
191745,6,2,15
192815,1,3,47
192823,1,3,74
192823,5,1,62
192823,110,1,90
192823,111,1,90
192949,1,2,43
192949,5,3,20
194185,5,1,59
194185,23,2,25
194185,34,2,25
194651,1,4,78
194651,5,1,20
196247,1,4,42
196247,5,3,7
196247,23,2,15
196247,34,2,15
196293,5,1,16
196293,20,1,20
196293,31,3,20
196293,37,3,20
196545,1,4,45
196545,109,2,20
196547,1,4,79
196547,5,1,30
198759,1,4,72
198759,109,2,29
198767,1,4,35
198767,23,2,24
198767,34,2,24
199177,1,6,56
199177,5,2,62
199177,23,2,20
199177,34,2,20
200705,1,2,34
200709,1,4,71
200709,5,3,12
201565,5,1,32
201565,20,1,18
201565,31,3,18
201565,37,3,18
201571,5,1,35
201571,20,1,25
201571,31,3,25
201571,37,3,25
201573,5,1,32
201573,20,1,18
201573,31,3,18
201573,37,3,18
201771,5,2,27
202019,1,6,79
202019,5,2,19
203176,1,3,45
203178,1,2,44
203180,1,3,51
203180,5,3,16
203574,1,3,10
203764,1,3,7
203764,5,3,1
204508,1,3,42
204510,1,4,38
204554,5,1,26
204556,5,1,26
204558,5,1,29
205118,5,3,2
205314,5,3,15
205316,5,3,13
205320,5,3,15
206395,5,3,10
206681,5,3,10
206683,5,3,15
206779,5,3,1
206783,5,3,3
207995,1,4,78
207995,2,2,85
207995,3,1,78
207995,5,1,54
207995,6,2,55
207995,12,2,89
207995,16,1,75
207995,23,2,90
207995,29,2,65
207995,31,1,48
207995,34,2,80
207997,1,4,96
207997,2,2,89
207997,3,1,78
207997,5,1,53
207997,6,2,75
207997,12,2,89
207997,23,2,85
207997,29,2,79
207997,34,2,30
207999,1,4,100
207999,2,2,100
207999,3,2,98
207999,5,2,97
207999,6,3,96
207999,12,2,97
207999,16,1,100
207999,23,3,96
207999,34,3,96
207999,109,2,95
207999,110,2,95
207999,111,1,95
207999,10001,1,100
208001,2,2,61
208001,3,3,59
208001,5,2,81
208001,23,3,85
208001,34,3,85
208429,1,3,47
208429,2,2,76
208429,3,1,78
208429,4,3,57
208429,5,1,53
208429,6,2,85
208429,23,2,28
208429,29,2,95
208429,34,2,78
208429,10001,1,97
208431,1,4,95
208431,4,3,90
208431,6,2,55
208433,2,2,95
208433,3,3,92
208433,5,2,96
208433,13,1,92
208433,23,2,94
208433,34,3,94
208803,1,4,63
208803,4,3,49
208803,5,2,91
208803,21,1,75
